LastModified;Directories;FileName;FileExtension;FileMimeType;FileEncoding;FileSize(kB);Hash
2017-03-24;comptes-rendus;2009-06-12.odt;odt;application/vnd.oasis.opendocument.text;binary;28;644d065b00616475ae50848eff526039
2017-03-24;comptes-rendus;2008-10-09.odt;odt;application/vnd.oasis.opendocument.text;binary;28;284165f4b1e0c6ac44c4936d789f3989
2017-03-24;comptes-rendus;2009-05-12.odt;odt;application/vnd.oasis.opendocument.text;binary;24;862ddc81bfe17a11b25669ddc983d5e8
2017-03-24;comptes-rendus;2008-08-25.doc;doc;application/msword;application/mswordbinary;44;d24d9bf416a9a65fe6a2d24328141920
2017-03-24;comptes-rendus;2009-11-10.odt;odt;application/vnd.oasis.opendocument.text;binary;32;7c3bf0248b2b69448180ebe9b67db8d9
2017-03-24;comptes-rendus;2008-06-12.doc;doc;application/msword;application/mswordbinary;36;3105b4ab6d57a66e1cccc4cb8e80ce2f
2017-03-24;comptes-rendus;2009-06-23.odt;odt;application/vnd.oasis.opendocument.text;binary;28;002cfb950c111310f06f5cb46f2e26db
2017-03-24;comptes-rendus;2009-10-27.odt;odt;application/vnd.oasis.opendocument.text;binary;24;89631fb4aed2ebfed48f5d72a09e9ed7
2017-03-24;comptes-rendus;2008-07-03.doc;doc;application/msword;application/mswordbinary;48;e36a9eb31a6a785a3b16477e3f163c76
2017-03-24;comptes-rendus/pdf/tmp;201527_mars.pdf;pdf;application/pdf;binary;88;1800039082bf246a4e11e9c2dfae3cf1
2017-03-24;comptes-rendus/pdf/tmp;20144_avril.pdf;pdf;application/pdf;binary;96;5a64e9bf07577dcb3e124b60fbd68cd5
2017-03-24;comptes-rendus/pdf/tmp;2011Séance_08_septembre_2011.pdf;pdf;application/pdf;binary;48;89a095ffc683b0c03fd8ac877a09f4bb
2017-03-24;comptes-rendus/pdf/tmp;2010Séance_du__16_décembre_2010_site.pdf;pdf;application/pdf;binary;56;9ac1e6ddf5c233e6b5e0142e6cacb75f
2017-03-24;comptes-rendus/pdf/tmp;201413_novembre.pdf;pdf;application/pdf;binary;88;ab60ef899070dd69284fa57929218c21
2017-03-24;comptes-rendus/pdf/tmp;201519_février.pdf;pdf;application/pdf;binary;92;92f5ead9fbd7614093a70f8defcf5095
2017-03-24;comptes-rendus/pdf/tmp;201515_décembre.pdf;pdf;application/pdf;binary;148;854c857e878a2cfac4c1fe68b49ebd76
2017-03-24;comptes-rendus/pdf/tmp;2012Séance_04_octobre_2012.pdf;pdf;application/pdf;binary;56;8957afe1afc037573dd2e9ae44765479
2017-03-24;comptes-rendus/pdf/tmp;20151er_octobre.pdf;pdf;application/pdf;binary;212;d76ac9aa25744b55a0a3da8cc2714c6b
2017-03-24;comptes-rendus/pdf/tmp;201516_juillet.pdf;pdf;application/pdf;binary;116;8cb71c17e4c35707a433dc80e9bd79a7
2017-03-24;comptes-rendus/pdf/tmp;2012Séance_10_juillet_2012.pdf;pdf;application/pdf;binary;88;59cde5f46afb16667ab5d42126072444
2017-03-24;comptes-rendus/pdf/tmp;201517_novembre.pdf;pdf;application/pdf;binary;160;7c3b2ef2ea1e70a8d0acb28d781b0821
2017-03-24;comptes-rendus/pdf/tmp;2011Séance_du__31_mars_2011_site.pdf;pdf;application/pdf;binary;72;8cd68042498d153f4d910b4df1ea7f8c
2017-03-24;comptes-rendus/pdf/tmp;list.odc;odc;text/plain;utf-8;4;f5250806b2de0578f71e94166bc7e42c
2017-03-24;comptes-rendus/pdf/tmp;2010Séance_du_21_octobre_2010.pdf;pdf;application/pdf;binary;44;4f60ef5fa245abde9c1f62d5cb7d3697
2017-03-24;comptes-rendus/pdf/tmp;201429_août.pdf;pdf;application/pdf;binary;156;1368118cb98abae05741a07130aeffac
2017-03-24;comptes-rendus/pdf/tmp;2011Séance_du_11_janvier_2011.pdf;pdf;application/pdf;binary;56;0f03eaee73f57737297263c26d42c6de
2017-03-24;comptes-rendus/pdf/tmp;201517_juin.pdf;pdf;application/pdf;binary;84;09fd84e1778f68bcfa76c6793fdfe2ea
2017-03-24;comptes-rendus/pdf/tmp;2010Séance_du_25_mai_2010.pdf;pdf;application/pdf;binary;428;e338c1064691ed1fd13c20a8decc121a
2017-03-24;comptes-rendus/pdf/tmp;2009CR17.01.2009.pdf;pdf;application/pdf;binary;92;61629ebe3929369e3352c95069208bf4
2017-03-24;comptes-rendus/pdf/tmp;2009CR09.04.2009.pdf;pdf;application/pdf;binary;96;c5278c329825b2fbabefadef23a9ef66
2017-03-24;comptes-rendus/pdf/tmp;2011Séance_du_17_février_2011_site.pdf;pdf;application/pdf;binary;60;30c9db50052d277ee9e0364623b8ea8f
2017-03-24;comptes-rendus/pdf/tmp;2010Séance_du_5_janvier_2010.pdf;pdf;application/pdf;binary;52;a73358a8f1c7e2080e0b94dc7997f9ac
2017-03-24;comptes-rendus/pdf/tmp;2009CR.16.07.2009.pdf;pdf;application/pdf;binary;112;ee481059d0a926dcec36c5db91f47825
2017-03-24;comptes-rendus/pdf/tmp;201428_mars.pdf;pdf;application/pdf;binary;84;2774a0a7990a8c6b094d841b26aa8ee9
2017-03-24;comptes-rendus/pdf/tmp;2009CR28.03.2009.pdf;pdf;application/pdf;binary;84;d8b844199267bf26768b2deaea14ab01
2017-03-24;comptes-rendus/pdf/tmp;2011Séance_du_15_avril_2011_site.pdf;pdf;application/pdf;binary;64;14181af91ab3981b17c91ab118b5f332
2017-03-24;comptes-rendus/pdf/tmp;201624_mai.pdf;pdf;application/pdf;binary;80;3446cbbbfaf27336711fd84e4713ec1d
2017-03-24;comptes-rendus/pdf/tmp;2009CR19.02.2009.pdf;pdf;application/pdf;binary;108;765dcc3fe97bb49d97f6330476df0208
2017-03-24;comptes-rendus/pdf/tmp;201420_mars.pdf;pdf;application/pdf;binary;624;6f01689167d42430a9a58db8a28a1df7
2017-03-24;comptes-rendus/pdf/tmp;2010Séance_du_18_novembre_2010.pdf;pdf;application/pdf;binary;32;f568b181d9d21a840252bd129b13ffb4
2017-03-24;comptes-rendus/pdf/tmp;2012Séance_du_13_novembre_2012.pdf;pdf;application/pdf;binary;52;d09ddf46a9f6454663c43bb906799777
2017-03-24;comptes-rendus/pdf/tmp;2012Séance_du_18_décembre_2012.pdf;pdf;application/pdf;binary;72;1f569ee446a5d2da2f9d59477fe8be07
2017-03-24;comptes-rendus/pdf/tmp;2010Séance_du_10_octobre_2010.pdf;pdf;application/pdf;binary;68;7755da2ed34d9d2c1eb391d29628e2fa
2017-03-24;comptes-rendus/pdf/tmp;201427_juin.pdf;pdf;application/pdf;binary;236;c96ff33d8c56b8adb8691fe48ed2a661
2017-03-24;comptes-rendus/pdf/tmp;2010CR-registe-projet.pdf;pdf;application/pdf;binary;132;e8d420283018c6c9ee4824b2f72be5b9
2017-03-24;comptes-rendus/pdf/tmp;2011Séance_du_30_juin_2011_site.pdf;pdf;application/pdf;binary;108;32518a84617563f9cb2be45c74650f82
2017-03-24;comptes-rendus/pdf/tmp;2010Séance_du__30_mars_2010.pdf;pdf;application/pdf;binary;64;21b2e8e056bbd786f88836b024fa444d
2017-03-24;comptes-rendus/pdf/tmp;2011Séance_20_octobre_2011.pdf;pdf;application/pdf;binary;68;c3dd14547a34514de27dcc2644187b49
2017-03-24;comptes-rendus/pdf/tmp;2010Séance_du_16_mars_2010.pdf;pdf;application/pdf;binary;128;d4e1e98d462a3031a95e6d6751818ade
2017-03-24;comptes-rendus/pdf/tmp;2011Séance_du_27_mai_2011_site.pdf;pdf;application/pdf;binary;56;237e99f95a64b3de1916df1ba2197e45
2017-03-24;comptes-rendus/pdf/tmp;201624_mars.pdf;pdf;application/pdf;binary;64;337b9e3781f03880937f43810d4b6d5d
2017-03-24;comptes-rendus/pdf/tmp;20149_octobre.pdf;pdf;application/pdf;binary;84;3816f2237c380729f2e27ae96636530b
2017-03-24;comptes-rendus/pdf/tmp;2014CM_du_21_février_2014.pdf;pdf;application/pdf;binary;2068;a6ead30a538dc67518e6fcf149a84702
2017-03-24;comptes-rendus/pdf/tmp;2012Séance_du_12_juin_2012.pdf;pdf;application/pdf;binary;56;be68660738722d5a167ad3ccccad0a7b
2017-03-24;comptes-rendus/pdf/tmp;201415_mai.pdf;pdf;application/pdf;binary;120;535c296a420ced9ecae2d6bd3c716d5d
2017-03-24;comptes-rendus/pdf/tmp;2009CR.pdf;pdf;application/pdf;binary;72;b7739538265e9ecb0ed7985b872f2ddb
2017-03-24;comptes-rendus/pdf/tmp;201418_avril.pdf;pdf;application/pdf;binary;96;6a057ff9b905bcf9a7c13f0f1fb5b627
2017-03-24;comptes-rendus/pdf/tmp;2008-07-03.pdf;pdf;application/pdf;binary;64;bee56a1e262c463a21cfbf09ca921b59
2017-03-24;comptes-rendus/pdf/tmp;20162_février.pdf;pdf;application/pdf;binary;100;4f4d0630c9114139eec831003dba5788
2017-03-24;comptes-rendus/pdf/tmp;2012Séance_12_avril_2012.pdf;pdf;application/pdf;binary;60;c93d0ef88faff02feacf3e6719c64d5e
2017-03-24;comptes-rendus/pdf/tmp;201418_décembre.pdf;pdf;application/pdf;binary;172;b25198860276d263cd0516c3c0af3205
2017-03-24;comptes-rendus/pdf/tmp;201523_mai.pdf;pdf;application/pdf;binary;196;9e9ee7910ad8a0d6ba01be11dfa58553
2017-03-24;comptes-rendus/pdf/tmp;2011Séance_25_novembre_2011.pdf;pdf;application/pdf;binary;76;9e268b767b9e3ed0c9de18d9f657f5fb
2017-03-24;comptes-rendus/pdf/tmp;201614_mars.pdf;pdf;application/pdf;binary;84;0d44dab58090999fe502aa75add32212
2017-03-24;comptes-rendus/pdf/tmp;2012Séance_du_15_mai_2012.pdf;pdf;application/pdf;binary;60;2484e6c6df725522ed4877290463e585
2017-03-24;comptes-rendus/pdf/tmp;201515_janvier.pdf;pdf;application/pdf;binary;108;0cc64f22015498397dae2c557c5c2829
2017-03-24;comptes-rendus/pdf/tmp;2010CR-projet.pdf;pdf;application/pdf;binary;224;1c7cbe2fbea01fc2af45187a332e35cb
2017-03-24;comptes-rendus/pdf/tmp;2012Séance_02_février_2012.pdf;pdf;application/pdf;binary;72;ba336920e557fce716b5af49cc560b9d
2017-03-24;comptes-rendus/pdf/tmp;201628_juin.pdf;pdf;application/pdf;binary;84;438a79a59cf27e7fdc6e3be7b83789f9
2017-03-24;comptes-rendus/pdf/tmp;2012Séance_du_15_mars_2012.pdf;pdf;application/pdf;binary;136;73d7a7c29256559f07d5f6c3fce304f6
2017-03-24;comptes-rendus/pdf/tmp;2010Séance_de_août_2010.pdf;pdf;application/pdf;binary;60;28c22f6641b1b5bce5ff71803784cd65
2017-03-24;comptes-rendus/pdf/tmp;2010Séance_du_09_fevrier_2010.pdf;pdf;application/pdf;binary;104;5dd271eb64ab9f4a31f6fbae3084bec1
2017-03-24;comptes-rendus/pdf/tmp;2009CR23juin2009.pdf;pdf;application/pdf;binary;96;43f2fcd4e049cf80246f831fc6178b98
2017-03-24;comptes-rendus/pdf/tmp;20167_avril.pdf;pdf;application/pdf;binary;88;498be2e2d9d5f51e59bb717125c3ce20
2017-03-24;comptes-rendus/pdf/tmp;2011Séance_du_17_juin_2011_site.pdf;pdf;application/pdf;binary;44;eae81a7fa0d581180334bd676e06690f
2017-03-24;comptes-rendus/pdf/tmp;201630_août.pdf;pdf;application/pdf;binary;92;44a7b8563f7360e825e894eab7ea235f
2017-03-24;comptes-rendus/pdf/tmp;2009CR26avril2009.pdf;pdf;application/pdf;binary;80;4ca11a108372ca564524719c52d2b58c
2017-03-24;comptes-rendus/pdf/tmp;2008-05-09.pdf;pdf;application/pdf;binary;96;9ab06af0172faa4d797d1e4e62f8afd9
2017-03-24;comptes-rendus/pdf/tmp;2010Séance_du_04_mai_2010.pdf;pdf;application/pdf;binary;224;c7e82d19a9970447db8cd886ad2e0886
2017-03-24;comptes-rendus;2009-03-28.odt;odt;application/vnd.oasis.opendocument.text;binary;28;d90dd452a50599b738d98d21f5f0cd0e
2017-03-24;comptes-rendus;2009-01-17.odt;odt;application/vnd.oasis.opendocument.text;binary;24;5b09aaffb57921a489efcb1161a48f64
2017-03-24;comptes-rendus;2009-07-16.odt;odt;application/vnd.oasis.opendocument.text;binary;28;46a83eea204bd9484769fce3d7c7a5c0
2017-03-24;comptes-rendus;2009-04-26.odt;odt;application/vnd.oasis.opendocument.text;binary;28;a6f6cc1d2c77f313b4418ba3cb9d375c
2017-03-24;comptes-rendus;2008-12-18.odt;odt;application/vnd.oasis.opendocument.text;binary;32;ca1c745feb8eab819940f15f403c994b
2017-03-24;comptes-rendus;2009-10-12.odt;odt;application/vnd.oasis.opendocument.text;binary;28;0b4800b754d90faa8dd3cb8e28c1657a
2017-03-24;comptes-rendus;2009-01-24.odt;odt;application/vnd.oasis.opendocument.text;binary;24;fb1139cc647688dea4e4d7b9c374dd08
2017-03-24;comptes-rendus;2008-11-18.odt;odt;application/vnd.oasis.opendocument.text;binary;28;ce42e9b2fcfe213f9ad472944ddcefb7
2017-03-24;comptes-rendus;2009-04-09.odt;odt;application/vnd.oasis.opendocument.text;binary;28;2d5fb35ef772c89fb7c4dbe4c919cbc1
2017-03-24;comptes-rendus;2009-12-15.odt;odt;application/vnd.oasis.opendocument.text;binary;40;00d06a7c6e4d0b1f31fbbfad594e3fac
2017-03-24;comptes-rendus;2009-02-19.odt;odt;application/vnd.oasis.opendocument.text;binary;28;9866106d451c06d5e96528dc8894f029
2017-03-24;comptes-rendus;2008-05-09.doc;doc;application/msword;application/mswordbinary;32;2ebcb4a8bb27ec865ed6c123a4e7c61a
2017-03-24;comptes-rendus;2009-09-03.odt;odt;application/vnd.oasis.opendocument.text;binary;32;26824bcf1b02562f96a4d84d64fbfe15
2017-03-24;affichage;2008-03-14.doc;doc;application/msword;application/mswordbinary;56;7573ca1bc361863c3409bb188e718700
2017-03-24;affichage;2008-04-11.doc;doc;application/msword;application/mswordbinary;56;d394b481bb32e432d04449e260672109
2017-03-24;affichage;2008-01-31.doc;doc;application/msword;application/mswordbinary;64;0f02c1f0e7af4e2ecd97a1f004b63751
2017-03-24;affichage;2008-03-21.doc;doc;application/msword;application/mswordbinary;60;c122be5e34ff21b9718ae3b8e8f6fab5
2017-03-24;affichage;2008-03-05.doc;doc;application/msword;application/mswordbinary;60;2c8e99e533045b1a220483dc01c40c2c
2017-03-24;atrier_renommer/2014;ANNEXE TAUX AVANCEMENT GRADE.odt;odt;application/vnd.oasis.opendocument.text;binary;20;18cec4fe86c20c0561217933eaa56c81
2017-03-24;atrier_renommer/2014/Février;Thumbs.db;db;application/CDFV2-encrypted;application/CDFV2-encryptedbinary;16;e30bb8224acb493d606719f7c618ffca
2017-03-24;atrier_renommer/2014/Février;février.odt;odt;application/vnd.oasis.opendocument.text;binary;28;ddca2f19e76ae3e0a47a3a15d4a9cc5b
2017-03-24;atrier_renommer/2014/Février;CM du 21 février 2014.pdf;pdf;application/pdf;binary;2068;a6ead30a538dc67518e6fcf149a84702
2017-03-24;atrier_renommer/2014/Mars;20 mars.odt;odt;application/vnd.oasis.opendocument.text;binary;2008;ea3f5007feb37621526ccb2284b1d99c
2017-03-24;atrier_renommer/2014/Mars;20 mars.pdf;pdf;application/pdf;binary;624;6f01689167d42430a9a58db8a28a1df7
2017-03-24;atrier_renommer/2014/Mars;28 mars.odt;odt;application/vnd.oasis.opendocument.text;binary;24;018e0161320a72b1636678adbf521f94
2017-03-24;atrier_renommer/2014/Mars;28 mars.pdf;pdf;application/pdf;binary;84;2774a0a7990a8c6b094d841b26aa8ee9
2017-03-24;atrier_renommer/2014/Avril;4 avril.odt;odt;application/vnd.oasis.opendocument.text;binary;28;4330a4bb5b6680b846a89a3807766427
2017-03-24;atrier_renommer/2014/Avril;Thumbs.db;db;application/CDFV2-encrypted;application/CDFV2-encryptedbinary;24;604b0ab6e0ee39530434ca10b51807b3
2017-03-24;atrier_renommer/2014/Avril;18 avril.pdf;pdf;application/pdf;binary;96;6a057ff9b905bcf9a7c13f0f1fb5b627
2017-03-24;atrier_renommer/2014/Avril;18 avril.odt;odt;application/vnd.oasis.opendocument.text;binary;28;1c1baf908a0ca0d2e1ea3203d31633aa
2017-03-24;atrier_renommer/2014/Avril;4 avril.pdf;pdf;application/pdf;binary;96;5a64e9bf07577dcb3e124b60fbd68cd5
2017-03-24;atrier_renommer/2014/juin;27 juin.pdf;pdf;application/pdf;binary;236;c96ff33d8c56b8adb8691fe48ed2a661
2017-03-24;atrier_renommer/2014/juin;27 juin.odt;odt;application/vnd.oasis.opendocument.text;binary;208;a8cb9187a63cf1152c64e2deced9f40c
2017-03-24;atrier_renommer/2014/juin;Thumbs.db;db;application/CDFV2-encrypted;application/CDFV2-encryptedbinary;16;9e1423d0bc3f973bf73856325b8ecf6b
2017-03-24;atrier_renommer/2014;13 novembre.odt;odt;application/vnd.oasis.opendocument.text;binary;28;43301d4e2c34a36b12851e1058655d56
2017-03-24;atrier_renommer/2014;9 octobre.pdf;pdf;application/pdf;binary;84;3816f2237c380729f2e27ae96636530b
2017-03-24;atrier_renommer/2014;29 août.odt;odt;application/vnd.oasis.opendocument.text;binary;112;e609fc104ce34b5d0b169767bd578598
2017-03-24;atrier_renommer/2014/mai;Thumbs.db;db;application/CDFV2-encrypted;application/CDFV2-encryptedbinary;16;69d43f578280dea796a788b91a3f1215
2017-03-24;atrier_renommer/2014/mai;15 mai.odt;odt;application/vnd.oasis.opendocument.text;binary;48;092a709e04571edaa3611bcc103e6a80
2017-03-24;atrier_renommer/2014/mai;15 mai.pdf;pdf;application/pdf;binary;120;535c296a420ced9ecae2d6bd3c716d5d
2017-03-24;atrier_renommer/2014;18 décembre.odt;odt;application/vnd.oasis.opendocument.text;binary;136;7f857d040f60a091f51d7e8d6ee271d5
2017-03-24;atrier_renommer/2014;Thumbs.db;db;application/CDFV2-encrypted;application/CDFV2-encryptedbinary;52;0a4910c258ef516cec3c7f4c1a185efe
2017-03-24;atrier_renommer/2014;13 novembre.pdf;pdf;application/pdf;binary;88;ab60ef899070dd69284fa57929218c21
2017-03-24;atrier_renommer/2014;ANNEXE TAUX AVANCEMENT GRADE.pdf;pdf;application/pdf;binary;44;7bde81708626dc4967036845bcd37886
2017-03-24;atrier_renommer/2014;29 août.pdf;pdf;application/pdf;binary;156;1368118cb98abae05741a07130aeffac
2017-03-24;atrier_renommer/2014;9 octobre.odt;odt;application/vnd.oasis.opendocument.text;binary;32;41a9114f6a83c5e91302e7e400848bd6
2017-03-24;atrier_renommer/2014;18 décembre.pdf;pdf;application/pdf;binary;172;b25198860276d263cd0516c3c0af3205
2017-03-24;atrier_renommer/2015;15 décembre.pdf;pdf;application/pdf;binary;148;854c857e878a2cfac4c1fe68b49ebd76
2017-03-24;atrier_renommer/2015;1er octobre.odt;odt;application/vnd.oasis.opendocument.text;binary;240;23f143a8f90f82bdb99cd7d0e5e144ac
2017-03-24;atrier_renommer/2015;1er octobre.pdf;pdf;application/pdf;binary;212;d76ac9aa25744b55a0a3da8cc2714c6b
2017-03-24;atrier_renommer/2015;15 janvier.pdf;pdf;application/pdf;binary;108;0cc64f22015498397dae2c557c5c2829
2017-03-24;atrier_renommer/2015;23 mai.odt;odt;application/vnd.oasis.opendocument.text;binary;216;28a8fd12c182cb3d487a86d43ea73c83
2017-03-24;atrier_renommer/2015;19 février.odt;odt;application/vnd.oasis.opendocument.text;binary;32;8289a11a22e86038bbba39f13d705d08
2017-03-24;atrier_renommer/2015;15 janvier.odt;odt;application/vnd.oasis.opendocument.text;binary;76;74b53a019322adf493798e812389a91d
2017-03-24;atrier_renommer/2015;23 mai.pdf;pdf;application/pdf;binary;196;9e9ee7910ad8a0d6ba01be11dfa58553
2017-03-24;atrier_renommer/2015;19 février.pdf;pdf;application/pdf;binary;92;92f5ead9fbd7614093a70f8defcf5095
2017-03-24;atrier_renommer/2015;Thumbs.db;db;application/CDFV2-encrypted;application/CDFV2-encryptedbinary;144;f9a5e6568da865e1c466301d790509f6
2017-03-24;atrier_renommer/2015;17 juin.odt;odt;application/vnd.oasis.opendocument.text;binary;32;75f1ee09aa057b25751d986a1b7c51e8
2017-03-24;atrier_renommer/2015;27 mars.pdf;pdf;application/pdf;binary;88;1800039082bf246a4e11e9c2dfae3cf1
2017-03-24;atrier_renommer/2015;16 juillet.pdf;pdf;application/pdf;binary;116;8cb71c17e4c35707a433dc80e9bd79a7
2017-03-24;atrier_renommer/2015;15 décembre.odt;odt;application/vnd.oasis.opendocument.text;binary;136;b324c686d652b516d69d6e9ed60a2728
2017-03-24;atrier_renommer/2015;27 mars.odt;odt;application/vnd.oasis.opendocument.text;binary;28;828893527cba5587797a2411415fb10a
2017-03-24;atrier_renommer/2015;17 juin.pdf;pdf;application/pdf;binary;84;09fd84e1778f68bcfa76c6793fdfe2ea
2017-03-24;atrier_renommer/2015;17 novembre.odt;odt;application/vnd.oasis.opendocument.text;binary;148;76b072de51c37c1c899832b82097afbc
2017-03-24;atrier_renommer/2015;16 juillet.odt;odt;application/vnd.oasis.opendocument.text;binary;80;9c08718f706081d6e2239bc08e561744
2017-03-24;atrier_renommer/2015;17 novembre.pdf;pdf;application/pdf;binary;160;7c3b2ef2ea1e70a8d0acb28d781b0821
2017-03-24;atrier_renommer/2010/Séance du 5 janvier 2010;Séance du 5 janvier 2010.pdf;pdf;application/pdf;binary;52;a73358a8f1c7e2080e0b94dc7997f9ac
2017-03-24;atrier_renommer/2010/Séance du 5 janvier 2010;CR registre.odt;odt;application/vnd.oasis.opendocument.text;binary;24;6193bdc3dfe1cedfa54bb43e9cf3b8ab
2017-03-24;atrier_renommer/2010/Séance du 5 janvier 2010;CR affichage.doc;doc;application/msword;application/mswordbinary;12;dc6e9984c14ed1bb0df1ec0732b8f45b
2017-03-24;atrier_renommer/2010/Séance du 5 janvier 2010;CR affichage.odt;odt;application/vnd.oasis.opendocument.text;binary;16;29e5d7ce32826d567fd2cedd97c8eced
2017-03-24;atrier_renommer/2010/Séance du 30 mars 2010;CR Registre 30.03.2010.odt;odt;application/vnd.oasis.opendocument.text;binary;24;469f90e247ad2a198cc2d577dd8ddd59
2017-03-24;atrier_renommer/2010/Séance du 30 mars 2010;CR Registre 30.03.2010.doc;doc;application/msword;application/mswordbinary;28;fcfedf7a57111e513232396066b8cc4a
2017-03-24;atrier_renommer/2010/Séance du 30 mars 2010;Séance du  30 mars 2010.pdf;pdf;application/pdf;binary;64;21b2e8e056bbd786f88836b024fa444d
2017-03-24;atrier_renommer/2010/Séance du 30 mars 2010;CR affichage.odt;odt;application/vnd.oasis.opendocument.text;binary;16;23d48a2ad85a0c2ca28c4fcd003cfd6a
2017-03-24;atrier_renommer/2010/Séance du 4 mai 2010;CR-projet.pdf;pdf;application/pdf;binary;224;1c7cbe2fbea01fc2af45187a332e35cb
2017-03-24;atrier_renommer/2010/Séance du 4 mai 2010;Séance du 04 mai 2010.pdf;pdf;application/pdf;binary;224;c7e82d19a9970447db8cd886ad2e0886
2017-03-24;atrier_renommer/2010/Séance du 4 mai 2010;CR affichage.odt;odt;application/vnd.oasis.opendocument.text;binary;16;b79c394ed90696acb2ed9e4e0f4da7db
2017-03-24;atrier_renommer/2010/Séance du 4 mai 2010;CR Registre 04.05.2010.odt;odt;application/vnd.oasis.opendocument.text;binary;172;dc889264a2949e98d937a9cc985e87fe
2017-03-24;atrier_renommer/2010/Séance du 07 octobre 2010;CR Affichage.odt;odt;application/vnd.oasis.opendocument.text;binary;16;6cf9258f10315f02c6f6f672cb96a6db
2017-03-24;atrier_renommer/2010/Séance du 07 octobre 2010;CR NR.odt;odt;application/vnd.oasis.opendocument.text;binary;16;7dfea5df327b0a7588aa18d4512525eb
2017-03-24;atrier_renommer/2010/Séance du 07 octobre 2010;CR Registre 07.10.2010.odt;odt;application/vnd.oasis.opendocument.text;binary;28;b75c1928b53ee7043bee8083ead0a9cd
2017-03-24;atrier_renommer/2010/Séance du 07 octobre 2010;Séance du 10 octobre 2010.pdf;pdf;application/pdf;binary;68;7755da2ed34d9d2c1eb391d29628e2fa
2017-03-24;atrier_renommer/2010/Séance du 21 octobre 2010;Séance du 21 octobre 2010.pdf;pdf;application/pdf;binary;44;4f60ef5fa245abde9c1f62d5cb7d3697
2017-03-24;atrier_renommer/2010/Séance du 21 octobre 2010;CR Registre 07.10.2010.odt;odt;application/vnd.oasis.opendocument.text;binary;24;de7a42d633239217814bc53a4d18e101
2017-03-24;atrier_renommer/2010/Séance du 9 février 2010;CR Registre 09.02.10.odt;odt;application/vnd.oasis.opendocument.text;binary;72;6f2b6baecd6a5f2013243a0eb7e7f9e1
2017-03-24;atrier_renommer/2010/Séance du 9 février 2010;CR affichage.doc;doc;application/msword;application/mswordbinary;16;f2e6a214976c6ae7f2b0ed3c9d615f8b
2017-03-24;atrier_renommer/2010/Séance du 9 février 2010;Séance du 09 fevrier 2010.pdf;pdf;application/pdf;binary;104;5dd271eb64ab9f4a31f6fbae3084bec1
2017-03-24;atrier_renommer/2010/Séance du 9 février 2010;CR affichage.odt;odt;application/vnd.oasis.opendocument.text;binary;20;fb85f6e1d1bffadb8548f323d066b3d0
2017-03-24;atrier_renommer/2010/Séance du 16 mars 2010;CR Registre 16.03.10.doc;doc;application/msword;application/mswordbinary;72;3464d629b4ee4c511820e3a45dcaae62
2017-03-24;atrier_renommer/2010/Séance du 16 mars 2010;Séance du 16 mars 2010.pdf;pdf;application/pdf;binary;128;d4e1e98d462a3031a95e6d6751818ade
2017-03-24;atrier_renommer/2010/Séance du 16 mars 2010;CR Registre 16.03.10.odt;odt;application/vnd.oasis.opendocument.text;binary;48;3e59d606cfdf4999b72b0fdd9aed7e9d
2017-03-24;atrier_renommer/2010/Séance du 16 mars 2010;CR affichage.odt;odt;application/vnd.oasis.opendocument.text;binary;20;ffdd75be342204fbba91b9d6c16c05d0
2017-03-24;atrier_renommer/2010/Séance du 16 mars 2010;CR-registe-projet.pdf;pdf;application/pdf;binary;132;e8d420283018c6c9ee4824b2f72be5b9
2017-03-24;atrier_renommer/2010/Séance du 16 décembre 2010;CR Affichage.odt;odt;application/vnd.oasis.opendocument.text;binary;20;d53bad7cba480235a6a7411798415322
2017-03-24;atrier_renommer/2010/Séance du 16 décembre 2010;CR NR.odt;odt;application/vnd.oasis.opendocument.text;binary;16;9bb047fce41bcc371c3ee31ab4c644b2
2017-03-24;atrier_renommer/2010/Séance du 16 décembre 2010;Séance du  16 décembre 2010 site.pdf;pdf;application/pdf;binary;56;9ac1e6ddf5c233e6b5e0142e6cacb75f
2017-03-24;atrier_renommer/2010/Séance du 16 décembre 2010;CR Registre 16.12.2010.odt;odt;application/vnd.oasis.opendocument.text;binary;28;ba74deea523ddf34eb39d36a36cb2f33
2017-03-24;atrier_renommer/2010/Séance du 25 mai 2010;Séance du 25 mai 2010.pdf;pdf;application/pdf;binary;428;e338c1064691ed1fd13c20a8decc121a
2017-03-24;atrier_renommer/2010/Séance du 25 mai 2010;CR-projet.pdf;pdf;application/pdf;binary;428;02853072bca67e6db4730215eb3d233f
2017-03-24;atrier_renommer/2010/Séance du 25 mai 2010;CR Registre 25.05.2010.odt;odt;application/vnd.oasis.opendocument.text;binary;1736;f1d7da984a9f81632bdf873e031eb684
2017-03-24;atrier_renommer/2010/Séance de août 2010;Séance de août 2010.pdf;pdf;application/pdf;binary;60;28c22f6641b1b5bce5ff71803784cd65
2017-03-24;atrier_renommer/2010/Séance de août 2010;CR REGISTRE Août 2010.odt;odt;application/vnd.oasis.opendocument.text;binary;24;058c9999d363b53d9d76a90725de2b29
2017-03-24;atrier_renommer/2010/Séance du 18 novembre 2010;CR Affichage.odt;odt;application/vnd.oasis.opendocument.text;binary;16;fac421fc0553a9faf2d13cc89e044e89
2017-03-24;atrier_renommer/2010/Séance du 18 novembre 2010;CR NR.odt;odt;application/vnd.oasis.opendocument.text;binary;16;99cc6876afec9ad510021f0655b4d315
2017-03-24;atrier_renommer/2010/Séance du 18 novembre 2010;CR Registre 18.11.2010.odt;odt;application/vnd.oasis.opendocument.text;binary;28;5b69a9621a3f0e2ce2e9407fd3aa92a8
2017-03-24;atrier_renommer/2010/Séance du 18 novembre 2010;Séance du 18 novembre 2010.pdf;pdf;application/pdf;binary;32;f568b181d9d21a840252bd129b13ffb4
2017-03-24;atrier_renommer/2016;28 juin.odt;odt;application/vnd.oasis.opendocument.text;binary;32;7dcf908e7b243695937745c55a077b27
2017-03-24;atrier_renommer/2016;30 août.pdf;pdf;application/pdf;binary;92;44a7b8563f7360e825e894eab7ea235f
2017-03-24;atrier_renommer/2016;7 avril.odt;odt;application/vnd.oasis.opendocument.text;binary;36;f983e3f9a18f65c414b9394376bcf10e
2017-03-24;atrier_renommer/2016;24 mai.pdf;pdf;application/pdf;binary;80;3446cbbbfaf27336711fd84e4713ec1d
2017-03-24;atrier_renommer/2016;2 février.pdf;pdf;application/pdf;binary;100;4f4d0630c9114139eec831003dba5788
2017-03-24;atrier_renommer/2016;Thumbs.db;db;application/CDFV2-encrypted;application/CDFV2-encryptedbinary;128;6d20d8be750508b04c92ac41f50b38a7
2017-03-24;atrier_renommer/2016;24 mai.odt;odt;application/vnd.oasis.opendocument.text;binary;36;4fb04fedbbf69a4f53fe8d8aa9723796
2017-03-24;atrier_renommer/2016;28 juin.pdf;pdf;application/pdf;binary;84;438a79a59cf27e7fdc6e3be7b83789f9
2017-03-24;atrier_renommer/2016;14 mars.odt;odt;application/vnd.oasis.opendocument.text;binary;32;4e54db74039f3777b23b209565c41795
2017-03-24;atrier_renommer/2016;REGULATION STATIONNEMENT DANS BOURG.odt;odt;application/vnd.oasis.opendocument.text;binary;16;70593fd3573546d2017804df512e5c04
2017-03-24;atrier_renommer/2016;30 août.odt;odt;application/vnd.oasis.opendocument.text;binary;36;d0df5f6a1437109bd9afaf74b524440b
2017-03-24;atrier_renommer/2016;24 mars.odt;odt;application/vnd.oasis.opendocument.text;binary;28;4ab7e4c2161cc31f9ef11e21d8af5c1c
2017-03-24;atrier_renommer/2016;24 mars.pdf;pdf;application/pdf;binary;64;337b9e3781f03880937f43810d4b6d5d
2017-03-24;atrier_renommer/2016;14 mars.pdf;pdf;application/pdf;binary;84;0d44dab58090999fe502aa75add32212
2017-03-24;atrier_renommer/2016;2 février.odt;odt;application/vnd.oasis.opendocument.text;binary;36;5bc99d0050685b45aa9fc76643b79325
2017-03-24;atrier_renommer/2016;27 septembre.odt;odt;application/vnd.oasis.opendocument.text;binary;32;165f291f28c8fe2c4e11f81273990bfc
2017-03-24;atrier_renommer/2016;7 avril.pdf;pdf;application/pdf;binary;88;498be2e2d9d5f51e59bb717125c3ce20
2017-03-24;atrier_renommer/2013/Mai;14_05_2013.odt;odt;application/vnd.oasis.opendocument.text;binary;28;54bf6764f05b6765d93497f0185bf08f
2017-03-24;atrier_renommer/2013/Mars;26_03_2013.odt;odt;application/vnd.oasis.opendocument.text;binary;32;210eb71afd44ce4a64cbae449bd81c97
2017-03-24;atrier_renommer/2013;Thumbs.db;db;application/CDFV2-encrypted;application/CDFV2-encryptedbinary;16;190a28b12e7008eec771afd1fd0030fa
2017-03-24;atrier_renommer/2013/décembre;Convocations C.M du 20.12.2013.doc;doc;application/msword;application/mswordbinary;92;bb3cbebed3917ec0be1f2a991fa76440
2017-03-24;atrier_renommer/2013/décembre;2013 20 décembre.odt;odt;application/vnd.oasis.opendocument.text;binary;284;c1285d16954e52695dc70af99059249b
2017-03-24;atrier_renommer/2013/2013_11_15;15_11_2013.pdf;pdf;application/pdf;binary;1060;1bd39e8467d77d8e9c1d70da4f6fd48c
2017-03-24;atrier_renommer/2013/2013_11_15;Convocations C.M du 15.11.2013.doc;doc;application/msword;application/mswordbinary;92;7689e0dd99790eab7c273145b1af62ca
2017-03-24;atrier_renommer/2013/Fevrier;07_02_2013 - Copie.odt;odt;application/vnd.oasis.opendocument.text;binary;28;43d4c43dd5ee6c38fc8be7c06ea3ca20
2017-03-24;atrier_renommer/2013/Fevrier;Thumbs.db;db;application/CDFV2-encrypted;application/CDFV2-encryptedbinary;28;cc830beaa9714ea3971a35b9e1de41b1
2017-03-24;atrier_renommer/2013/Fevrier;07_02_2013.odt;odt;application/vnd.oasis.opendocument.text;binary;28;43d4c43dd5ee6c38fc8be7c06ea3ca20
2017-03-24;atrier_renommer/2013/septembre;Sans nom 1.odt;odt;application/vnd.oasis.opendocument.text;binary;32;e0a99da4c3016567d74383223299853e
2017-03-24;atrier_renommer/2013/septembre;27_09_2013.odt;odt;application/vnd.oasis.opendocument.text;binary;24;29718c5319288807b5bdd0ae1542a3d7
2017-03-24;atrier_renommer/2013/septembre;.~lock.27_09_2013.odt#;odt#;text/plain;us-ascii;4;2db1ece914c55c1368fa0f727a590241
2017-03-24;atrier_renommer/2013;25_06_2013.odt;odt;application/vnd.oasis.opendocument.text;binary;28;555dda5895d380586ab2bf2d961a4885
2017-03-24;atrier_renommer/2012/Séance du 12 avril 2012;CR registre 12_04_2012.odt;odt;application/vnd.oasis.opendocument.text;binary;28;80e944712b2f0e3b9ee919b56961cbd1
2017-03-24;atrier_renommer/2012/Séance du 12 avril 2012;Séance 12 avril 2012.pdf;pdf;application/pdf;binary;60;c93d0ef88faff02feacf3e6719c64d5e
2017-03-24;atrier_renommer/2012/Séance du 12 avril 2012;Présentation CA Christine.odt;odt;application/vnd.oasis.opendocument.text;binary;20;a22eeb264dd9d26d539a5f7d3eaa1faa
2017-03-24;atrier_renommer/2012/Séance du 18 décembre 2012;Séance du 18 décembre 2012.pdf;pdf;application/pdf;binary;72;1f569ee446a5d2da2f9d59477fe8be07
2017-03-24;atrier_renommer/2012/Séance du 18 décembre 2012;18_12_2012.odt;odt;application/vnd.oasis.opendocument.text;binary;24;f2b578b3f7e0dc6c67a15d423d8e063d
2017-03-24;atrier_renommer/2012/Séance du 02 février 2012;CR registre 02_02_2012.odt;odt;application/vnd.oasis.opendocument.text;binary;28;885e08543b6dec9aff516588abebf567
2017-03-24;atrier_renommer/2012/Séance du 02 février 2012;Thumbs.db;db;application/CDFV2-encrypted;application/CDFV2-encryptedbinary;16;90f84d8b3d78e4c1c94f25547d14d202
2017-03-24;atrier_renommer/2012/Séance du 02 février 2012;attachments.zip;zip;application/zip;binary;12;843e504b801066eefc83b93449836cff
2017-03-24;atrier_renommer/2012/Séance du 02 février 2012;Séance 02 février 2012.pdf;pdf;application/pdf;binary;72;ba336920e557fce716b5af49cc560b9d
2017-03-24;atrier_renommer/2012/Séance du 04 octobre 2012;Séance 04 octobre 2012.pdf;pdf;application/pdf;binary;56;8957afe1afc037573dd2e9ae44765479
2017-03-24;atrier_renommer/2012/Séance du 04 octobre 2012;04_10_2012.odt;odt;application/vnd.oasis.opendocument.text;binary;28;7190a768f05a4208c0f91a656273490c
2017-03-24;atrier_renommer/2012/Séance du 15 mai 2012;CR registre 15_05_2012.odt;odt;application/vnd.oasis.opendocument.text;binary;28;9825e5daf85a40ddaa3910d19a91f8ea
2017-03-24;atrier_renommer/2012/Séance du 15 mai 2012;Séance du 15 mai 2012.pdf;pdf;application/pdf;binary;60;2484e6c6df725522ed4877290463e585
2017-03-24;atrier_renommer/2012/Séance du 12 juin 2012;Séance du 12 juin 2012.pdf;pdf;application/pdf;binary;56;be68660738722d5a167ad3ccccad0a7b
2017-03-24;atrier_renommer/2012/Séance du 12 juin 2012;CR registre 12_06_2012.odt;odt;application/vnd.oasis.opendocument.text;binary;24;69970131c64e4a8af3a0319f024e0a1c
2017-03-24;atrier_renommer/2012/Séance du 12 juin 2012;CR registre 12_06_2012.doc;doc;application/msword;application/mswordbinary;16;08a191b978b9dc019895ebcc8bb963d8
2017-03-24;atrier_renommer/2012/Séance du 10 juillet 2012;10_07_2012.odt;odt;application/vnd.oasis.opendocument.text;binary;28;dd0079404ede5856ae7dbfcc2640e521
2017-03-24;atrier_renommer/2012/Séance du 10 juillet 2012;Séance 10 juillet 2012.pdf;pdf;application/pdf;binary;88;59cde5f46afb16667ab5d42126072444
2017-03-24;atrier_renommer/2012/Séance du 13 novembre 2012;13_11_2012.odt;odt;application/vnd.oasis.opendocument.text;binary;28;d7fffb2becc6d8493ee698f1e61d656b
2017-03-24;atrier_renommer/2012/Séance du 13 novembre 2012;Séance du 13 novembre 2012.pdf;pdf;application/pdf;binary;52;d09ddf46a9f6454663c43bb906799777
2017-03-24;atrier_renommer/2012/Séance du 15 mars 2012;CR registre 15_03_2012.odt;odt;application/vnd.oasis.opendocument.text;binary;36;bd736895d4fdb811359ca51eae1d719a
2017-03-24;atrier_renommer/2012/Séance du 15 mars 2012;Séance du 15 mars 2012.pdf;pdf;application/pdf;binary;136;73d7a7c29256559f07d5f6c3fce304f6
2017-03-24;atrier_renommer/2011/Séance du 11 janvier 2011;CR registre 11_01_2011.odt;odt;application/vnd.oasis.opendocument.text;binary;28;b79108818d6eed7d0da95a0addb21e9c
2017-03-24;atrier_renommer/2011/Séance du 11 janvier 2011;CR site.pdf;pdf;application/pdf;binary;60;8b4f49ec7f8daed5b5caf869709a2b17
2017-03-24;atrier_renommer/2011/Séance du 11 janvier 2011;Séance du 11 janvier 2011.pdf;pdf;application/pdf;binary;56;0f03eaee73f57737297263c26d42c6de
2017-03-24;atrier_renommer/2011/Séance du 25 novembre 2011;CR NR.odt;odt;application/vnd.oasis.opendocument.text;binary;16;1d9bbc62c130b939e878b56a5c4c9842
2017-03-24;atrier_renommer/2011/Séance du 25 novembre 2011;Séance 25 novembre 2011.pdf;pdf;application/pdf;binary;76;9e268b767b9e3ed0c9de18d9f657f5fb
2017-03-24;atrier_renommer/2011/Séance du 25 novembre 2011;CR registre 25_11_2011.odt;odt;application/vnd.oasis.opendocument.text;binary;28;cfe9ab584cb9c8ef54fd1d29098700aa
2017-03-24;atrier_renommer/2011/séance du 31 mars 2011;CR NR.odt;odt;application/vnd.oasis.opendocument.text;binary;20;c5d1365e65424d78d1d5398b8e426a21
2017-03-24;atrier_renommer/2011/séance du 31 mars 2011;CR registre 31_03_2011.odt;odt;application/vnd.oasis.opendocument.text;binary;32;c42a382e81a8bfd53146e190c76df0e5
2017-03-24;atrier_renommer/2011/séance du 31 mars 2011;Séance du  31 mars 2011 site.pdf;pdf;application/pdf;binary;72;8cd68042498d153f4d910b4df1ea7f8c
2017-03-24;atrier_renommer/2011/Séance du 17 juin 2011;CR registre 17_06_2011.odt;odt;application/vnd.oasis.opendocument.text;binary;24;9139f48462afb5c0ad7352a151e201d5
2017-03-24;atrier_renommer/2011/Séance du 17 juin 2011;Séance du 17 juin 2011 site.pdf;pdf;application/pdf;binary;44;eae81a7fa0d581180334bd676e06690f
2017-03-24;atrier_renommer/2011/Séance du 27 mai 2011;CR NR.odt;odt;application/vnd.oasis.opendocument.text;binary;20;b26518aa6262dd078b7c9134f0cf8aed
2017-03-24;atrier_renommer/2011/Séance du 27 mai 2011;Séance du 27 mai 2011 site.pdf;pdf;application/pdf;binary;56;237e99f95a64b3de1916df1ba2197e45
2017-03-24;atrier_renommer/2011/Séance du 27 mai 2011;CR registre 27_05_2011.odt;odt;application/vnd.oasis.opendocument.text;binary;28;1f3ca6a01ad492f68f24da78065068a1
2017-03-24;atrier_renommer/2011/Séance du 15 avril 2011;CR registre 15_04_11.odt;odt;application/vnd.oasis.opendocument.text;binary;20;79a0f1ca4309a70cbc5262c899439432
2017-03-24;atrier_renommer/2011/Séance du 15 avril 2011;Séance du 15 avril 2011 site.pdf;pdf;application/pdf;binary;64;14181af91ab3981b17c91ab118b5f332
2017-03-24;atrier_renommer/2011/séance du 08 septembre 2011;CR registre 08_09_2011.doc;doc;application/pdf;binary;48;10c359044afe86679d13bd54c1d0256b
2017-03-24;atrier_renommer/2011/séance du 08 septembre 2011;Séance 08 septembre 2011.pdf;pdf;application/pdf;binary;48;89a095ffc683b0c03fd8ac877a09f4bb
2017-03-24;atrier_renommer/2011/séance du 08 septembre 2011;CR registre 08_09_2011.odt;odt;application/vnd.oasis.opendocument.text;binary;28;a9739a35b4d082fd7d9197c187ea3d18
2017-03-24;atrier_renommer/2011/séance du 30 juin 2011;CR registre 30_06_2011.odt;odt;application/vnd.oasis.opendocument.text;binary;36;4dd06c45ed9dd97199f9ab736d4a2122
2017-03-24;atrier_renommer/2011/séance du 30 juin 2011;Séance du 30 juin 2011 site.pdf;pdf;application/pdf;binary;108;32518a84617563f9cb2be45c74650f82
2017-03-24;atrier_renommer/2011/Séance du 17 février 2011;Séance du 17 février 2011 site.pdf;pdf;application/pdf;binary;60;30c9db50052d277ee9e0364623b8ea8f
2017-03-24;atrier_renommer/2011/Séance du 17 février 2011;CR registre 17_02_2011.odt;odt;application/vnd.oasis.opendocument.text;binary;28;1a1da10a386f83573f352cc3ce587393
2017-03-24;atrier_renommer/2011/Séance du 20 octobre 2011;Séance 20 octobre 2011.pdf;pdf;application/pdf;binary;68;c3dd14547a34514de27dcc2644187b49
2017-03-24;atrier_renommer/2011/Séance du 20 octobre 2011;CR registre 20_10_2011.odt;odt;application/vnd.oasis.opendocument.text;binary;28;518a116f80e1ca91338b98e61cd32785
2017-03-24;atrier_renommer/2008/Séance du 09-05-08;cr regis 09-05-08.pdf;pdf;application/pdf;binary;96;9ab06af0172faa4d797d1e4e62f8afd9
2017-03-24;atrier_renommer/2008/Séance du 09-05-08;CR Registre.doc;doc;application/msword;application/mswordbinary;32;2ebcb4a8bb27ec865ed6c123a4e7c61a
2017-03-24;atrier_renommer/2008/Séance du 09-05-08;Affichage.doc;doc;application/msword;application/mswordbinary;28;b27d1e09018ee164c38755ea05ac5871
2017-03-24;atrier_renommer/2008;050308.doc;doc;application/msword;application/mswordbinary;60;2c8e99e533045b1a220483dc01c40c2c
2017-03-24;atrier_renommer/2008/Séance du 18-12-08;CR Registre.odt;odt;application/vnd.oasis.opendocument.text;binary;32;ca1c745feb8eab819940f15f403c994b
2017-03-24;atrier_renommer/2008/Séance du 12-06-08;CR Registre.doc;doc;application/msword;application/mswordbinary;36;3105b4ab6d57a66e1cccc4cb8e80ce2f
2017-03-24;atrier_renommer/2008/Séance du 12-06-08;Affichage.doc;doc;application/msword;application/mswordbinary;28;6a5d11d05d706be95f32b2429fa84dd0
2017-03-24;atrier_renommer/2008;110408.doc;doc;application/msword;application/mswordbinary;56;d394b481bb32e432d04449e260672109
2017-03-24;atrier_renommer/2008;310108.doc;doc;application/msword;application/mswordbinary;64;0f02c1f0e7af4e2ecd97a1f004b63751
2017-03-24;atrier_renommer/2008/Séance du 25-08-08;CR Affichage.doc;doc;application/msword;application/mswordbinary;28;6c32d72bf27cebf86bf98293d9610cf5
2017-03-24;atrier_renommer/2008/Séance du 25-08-08;CR Registre.doc;doc;application/msword;application/mswordbinary;44;d24d9bf416a9a65fe6a2d24328141920
2017-03-24;atrier_renommer/2008/Séance du 25-08-08;CR N.R..doc;doc;application/msword;application/mswordbinary;28;9ed7339d16e3f5a5f7b6fd6c54be012d
2017-03-24;atrier_renommer/2008/Séance du 03-07-08;CR Affichage.doc;doc;application/msword;application/mswordbinary;28;6c32d72bf27cebf86bf98293d9610cf5
2017-03-24;atrier_renommer/2008/Séance du 03-07-08;CR Registre.doc;doc;application/msword;application/mswordbinary;48;e36a9eb31a6a785a3b16477e3f163c76
2017-03-24;atrier_renommer/2008/Séance du 03-07-08;CR N.R..doc;doc;application/msword;application/mswordbinary;28;9ed7339d16e3f5a5f7b6fd6c54be012d
2017-03-24;atrier_renommer/2008/Séance du 09-10-08;CR Registre.odt;odt;application/vnd.oasis.opendocument.text;binary;28;284165f4b1e0c6ac44c4936d789f3989
2017-03-24;atrier_renommer/2008/Séance du 09-10-08;CR affichage.odt;odt;application/vnd.oasis.opendocument.text;binary;20;ece9052b705be5f0837d616ca4509a3c
2017-03-24;atrier_renommer/2008;140308.doc;doc;application/msword;application/mswordbinary;56;7573ca1bc361863c3409bb188e718700
2017-03-24;atrier_renommer/2008/Séance du 18-11-08;CR NR.odt;odt;application/vnd.oasis.opendocument.text;binary;16;17f03b0581b936a3780c60a7768a0bed
2017-03-24;atrier_renommer/2008/Séance du 18-11-08;CR Registre.odt;odt;application/vnd.oasis.opendocument.text;binary;28;ce42e9b2fcfe213f9ad472944ddcefb7
2017-03-24;atrier_renommer/2008/Séance du 18-11-08;CR affichage.odt;odt;application/vnd.oasis.opendocument.text;binary;16;f30fc6f4193fef3188f65a9f58c810f1
2017-03-24;atrier_renommer/2008;210308.doc;doc;application/msword;application/mswordbinary;60;c122be5e34ff21b9718ae3b8e8f6fab5
2017-03-24;atrier_renommer/2009/Séance du 24-01-2009;CR Registre.odt;odt;application/vnd.oasis.opendocument.text;binary;24;fb1139cc647688dea4e4d7b9c374dd08
2017-03-24;atrier_renommer/2009/Séance du 24-01-2009;Thumbs.db;db;application/CDFV2;application/CDFV2binary;8;a5cdd8b5fcb56620731c51f955d4dbdc
2017-03-24;atrier_renommer/2009/Séance du 24-01-2009/Séance du 17-01-09;CR Registre.odt;odt;application/vnd.oasis.opendocument.text;binary;24;5b09aaffb57921a489efcb1161a48f64
2017-03-24;atrier_renommer/2009/Séance du 24-01-2009/Séance du 17-01-09;Thumbs.db;db;application/CDFV2;application/CDFV2binary;8;3d844e9bd73c3ca834fadd9001698943
2017-03-24;atrier_renommer/2009/Séance du 24-01-2009;CR17.01.2009.pdf;pdf;application/pdf;binary;92;61629ebe3929369e3352c95069208bf4
2017-03-24;atrier_renommer/2009/Séance du 12-10-2009;CR Registre.odt;odt;application/vnd.oasis.opendocument.text;binary;28;0b4800b754d90faa8dd3cb8e28c1657a
2017-03-24;atrier_renommer/2009/Séance du 12-10-2009;CR Affichage.doc;doc;application/msword;application/mswordbinary;12;3e26455bfa505ef2394999bf19dfef04
2017-03-24;atrier_renommer/2009/Séance du 12-10-2009;Thumbs.db;db;application/CDFV2;application/CDFV2binary;8;abdae62d44d08a60a78e891f6f024618
2017-03-24;atrier_renommer/2009/Séance du 12-10-2009;CR.pdf;pdf;application/pdf;binary;84;44e7c07f34291daed372904862d2c1e1
2017-03-24;atrier_renommer/2009/Séance du 09-04-09;CR Registre.odt;odt;application/vnd.oasis.opendocument.text;binary;28;2d5fb35ef772c89fb7c4dbe4c919cbc1
2017-03-24;atrier_renommer/2009/Séance du 09-04-09;CR09.04.2009.pdf;pdf;application/pdf;binary;96;c5278c329825b2fbabefadef23a9ef66
2017-03-24;atrier_renommer/2009/Séance du 09-04-09;Thumbs.db;db;application/CDFV2;application/CDFV2binary;8;0d852864e9efefe8db79ce06b2df26e8
2017-03-24;atrier_renommer/2009/Séance du 28-03-2009;CR NR.odt;odt;application/vnd.oasis.opendocument.text;binary;28;e8aa6aca41e2a0acbf362f42a0af48f0
2017-03-24;atrier_renommer/2009/Séance du 28-03-2009;CR Registre.odt;odt;application/vnd.oasis.opendocument.text;binary;28;d90dd452a50599b738d98d21f5f0cd0e
2017-03-24;atrier_renommer/2009/Séance du 28-03-2009;Thumbs.db;db;application/CDFV2;application/CDFV2binary;8;bd51857fda5e24f3a72d4cda464b32c4
2017-03-24;atrier_renommer/2009/Séance du 28-03-2009;CR28.03.2009.pdf;pdf;application/pdf;binary;84;d8b844199267bf26768b2deaea14ab01
2017-03-24;atrier_renommer/2009/Séance du 26-04-09;CR Registre.odt;odt;application/vnd.oasis.opendocument.text;binary;28;a6f6cc1d2c77f313b4418ba3cb9d375c
2017-03-24;atrier_renommer/2009/Séance du 26-04-09;Thumbs.db;db;application/CDFV2;application/CDFV2binary;8;7e3a84d22d8b0207d3fda84ccc875126
2017-03-24;atrier_renommer/2009/Séance du 26-04-09;CR26avril2009.pdf;pdf;application/pdf;binary;80;4ca11a108372ca564524719c52d2b58c
2017-03-24;atrier_renommer/2009/Séance du 19-02-2009;CR Registre.odt;odt;application/vnd.oasis.opendocument.text;binary;28;9866106d451c06d5e96528dc8894f029
2017-03-24;atrier_renommer/2009/Séance du 19-02-2009;Thumbs.db;db;application/CDFV2;application/CDFV2binary;8;0ee6f34e505fa97f4faa1deea97f2fd3
2017-03-24;atrier_renommer/2009/Séance du 19-02-2009;CR19.02.2009.pdf;pdf;application/pdf;binary;108;765dcc3fe97bb49d97f6330476df0208
2017-03-24;atrier_renommer/2009/Séance du 27-10-09;CR Registre.odt;odt;application/vnd.oasis.opendocument.text;binary;24;89631fb4aed2ebfed48f5d72a09e9ed7
2017-03-24;atrier_renommer/2009/Séance du 27-10-09;CR affichage.odt;odt;application/vnd.oasis.opendocument.text;binary;16;cc9307fe51b377d5814d2e94539dbf87
2017-03-24;atrier_renommer/2009/Séance du 27-10-09;CR.pdf;pdf;application/pdf;binary;60;0aea8d60490b3e44fce2cbd479b0e1b3
2017-03-24;atrier_renommer/2009/Séance du 12-05-2009/Séance du 09-04-09;CR Registre.odt;odt;application/vnd.oasis.opendocument.text;binary;24;862ddc81bfe17a11b25669ddc983d5e8
2017-03-24;atrier_renommer/2009/Séance du 16-07-2009;CR Registre.odt;odt;application/vnd.oasis.opendocument.text;binary;28;46a83eea204bd9484769fce3d7c7a5c0
2017-03-24;atrier_renommer/2009/Séance du 16-07-2009;Thumbs.db;db;application/CDFV2;application/CDFV2binary;8;871c0fddc2ed0c190678a9eff0df1c63
2017-03-24;atrier_renommer/2009/Séance du 16-07-2009;CR.16.07.2009.pdf;pdf;application/pdf;binary;112;ee481059d0a926dcec36c5db91f47825
2017-03-24;atrier_renommer/2009/Séance du 23-06-2009;CR Registre.odt;odt;application/vnd.oasis.opendocument.text;binary;28;002cfb950c111310f06f5cb46f2e26db
2017-03-24;atrier_renommer/2009/Séance du 23-06-2009;CR23juin2009.pdf;pdf;application/pdf;binary;96;43f2fcd4e049cf80246f831fc6178b98
2017-03-24;atrier_renommer/2009/Séance du 23-06-2009;Thumbs.db;db;application/CDFV2;application/CDFV2binary;8;a47679235e9567f724568b5ac5843f20
2017-03-24;atrier_renommer/2009/Séance du 23-06-2009;CR Registre Word.doc;doc;application/msword;application/mswordbinary;20;8967588bb88146cbeceadeb522f8ae79
2017-03-24;atrier_renommer/2009/Séance du 03-09-2009;CR Registre.odt;odt;application/vnd.oasis.opendocument.text;binary;32;26824bcf1b02562f96a4d84d64fbfe15
2017-03-24;atrier_renommer/2009/Séance du 03-09-2009;CR Affichage.doc;doc;application/msword;application/mswordbinary;16;a72be718bc232020bfae58be18a2bc8f
2017-03-24;atrier_renommer/2009/Séance du 03-09-2009;Thumbs.db;db;application/CDFV2;application/CDFV2binary;8;dab3add259933f20e77b8583e492331e
2017-03-24;atrier_renommer/2009/Séance du 03-09-2009;CR.pdf;pdf;application/pdf;binary;100;d6b94ba7fde0561065bf3a75b82ff190
2017-03-24;atrier_renommer/2009/Séance du 12-06-2009/Séance du 12-06-09;CR Registre.odt;odt;application/vnd.oasis.opendocument.text;binary;28;644d065b00616475ae50848eff526039
2017-03-24;atrier_renommer/2009/Séance du 12-06-2009/Séance du 12-06-09;Cr12juin2009.pdf;pdf;application/pdf;binary;88;f5758804a7edf336c8c072024d472fc7
2017-03-24;atrier_renommer/2009/Séance du 15-12-2009;CR Compte-rendu.odt;odt;application/vnd.oasis.opendocument.text;binary;16;0be723acc9a0441fd7f55a5f7d829a86
2017-03-24;atrier_renommer/2009/Séance du 15-12-2009;CR Registre.odt;odt;application/vnd.oasis.opendocument.text;binary;40;00d06a7c6e4d0b1f31fbbfad594e3fac
2017-03-24;atrier_renommer/2009/Séance du 15-12-2009;CR.pdf;pdf;application/pdf;binary;124;941140c5012718f7d67d49008ba4511c
2017-03-24;atrier_renommer/2009/Séance du 10-11-2009;CR Registre.odt;odt;application/vnd.oasis.opendocument.text;binary;32;7c3bf0248b2b69448180ebe9b67db8d9
2017-03-24;atrier_renommer/2009/Séance du 10-11-2009;CR affichage.odt;odt;application/vnd.oasis.opendocument.text;binary;16;d02dfe8c19ea095a946d5016397ff742
2017-03-24;atrier_renommer/2009/Séance du 10-11-2009;CR.pdf;pdf;application/pdf;binary;72;b7739538265e9ecb0ed7985b872f2ddb
